x-axis,1,2
second,Volt,Volt
-5.00000E-06,-230.35001126E-03,+407.85000054E-03
-4.99000E-06,-231.60001123E-03,+407.85000054E-03
-4.98000E-06,-231.60001123E-03,+407.85000054E-03
-4.97000E-06,-231.60001123E-03,+407.85000054E-03
-4.96000E-06,-230.97501125E-03,+410.97500059E-03
-4.95000E-06,-231.60001123E-03,+407.85000054E-03
-4.94000E-06,-230.97501125E-03,+414.10000063E-03
-4.93000E-06,-230.97501125E-03,+410.97500059E-03
-4.92000E-06,-230.35001126E-03,+410.97500059E-03
-4.91000E-06,-229.10001129E-03,+414.10000063E-03
-4.90000E-06,-228.47501130E-03,+417.22500068E-03
-4.89000E-06,-229.10001129E-03,+417.22500068E-03
-4.88000E-06,-229.10001129E-03,+417.22500068E-03
-4.87000E-06,-229.10001129E-03,+423.47500077E-03
-4.86000E-06,-229.72501128E-03,+423.47500077E-03
-4.85000E-06,-229.10001129E-03,+423.47500077E-03
-4.84000E-06,-229.10001129E-03,+420.35000073E-03
-4.83000E-06,-229.72501128E-03,+420.35000073E-03
-4.82000E-06,-229.72501128E-03,+426.60000082E-03
-4.81000E-06,-230.35001126E-03,+429.72500087E-03
-4.80000E-06,-229.72501128E-03,+429.72500087E-03
-4.79000E-06,-231.60001123E-03,+429.72500087E-03
-4.78000E-06,-231.60001123E-03,+432.85000091E-03
-4.77000E-06,-230.35001126E-03,+432.85000091E-03
-4.76000E-06,-231.60001123E-03,+432.85000091E-03
-4.75000E-06,-232.22501122E-03,+432.85000091E-03
-4.74000E-06,-232.22501122E-03,+432.85000091E-03
-4.73000E-06,-233.47501119E-03,+435.97500096E-03
-4.72000E-06,-232.85001121E-03,+432.85000091E-03
-4.71000E-06,-232.85001121E-03,+439.10000101E-03
-4.70000E-06,-233.47501119E-03,+439.10000101E-03
-4.69000E-06,-233.47501119E-03,+439.10000101E-03
-4.68000E-06,-232.85001121E-03,+439.10000101E-03
-4.67000E-06,-232.22501122E-03,+445.35000110E-03
-4.66000E-06,-232.85001121E-03,+445.35000110E-03
-4.65000E-06,-231.60001123E-03,+445.35000110E-03
-4.64000E-06,-232.85001121E-03,+445.35000110E-03
-4.63000E-06,-232.85001121E-03,+448.47500115E-03
-4.62000E-06,-233.47501119E-03,+448.47500115E-03
-4.61000E-06,-232.85001121E-03,+445.35000110E-03
-4.60000E-06,-232.85001121E-03,+445.35000110E-03
-4.59000E-06,-231.60001123E-03,+448.47500115E-03
-4.58000E-06,-232.22501122E-03,+448.47500115E-03
-4.57000E-06,-232.85001121E-03,+448.47500115E-03
-4.56000E-06,-231.60001123E-03,+451.60000119E-03
-4.55000E-06,-232.85001121E-03,+448.47500115E-03
-4.54000E-06,-234.10001118E-03,+451.60000119E-03
-4.53000E-06,-233.47501119E-03,+451.60000119E-03
-4.52000E-06,-234.10001118E-03,+451.60000119E-03
-4.51000E-06,-235.35001115E-03,+451.60000119E-03
-4.50000E-06,-232.85001121E-03,+451.60000119E-03
-4.49000E-06,-234.72501116E-03,+454.72500124E-03
-4.48000E-06,-234.72501116E-03,+454.72500124E-03
-4.47000E-06,-234.72501116E-03,+451.60000119E-03
-4.46000E-06,-234.10001118E-03,+454.72500124E-03
-4.45000E-06,-234.72501116E-03,+454.72500124E-03
-4.44000E-06,-234.72501116E-03,+454.72500124E-03
-4.43000E-06,-233.47501119E-03,+454.72500124E-03
-4.42000E-06,-234.10001118E-03,+451.60000119E-03
-4.41000E-06,-234.10001118E-03,+454.72500124E-03
-4.40000E-06,-231.60001123E-03,+457.85000129E-03
-4.39000E-06,-233.47501119E-03,+460.97500133E-03
-4.38000E-06,-232.85001121E-03,+460.97500133E-03
-4.37000E-06,-232.22501122E-03,+460.97500133E-03
-4.36000E-06,-232.22501122E-03,+460.97500133E-03
-4.35000E-06,-232.22501122E-03,+460.97500133E-03
-4.34000E-06,-232.22501122E-03,+464.10000138E-03
-4.33000E-06,-232.22501122E-03,+464.10000138E-03
-4.32000E-06,-232.85001121E-03,+464.10000138E-03
-4.31000E-06,-232.85001121E-03,+460.97500133E-03
-4.30000E-06,-231.60001123E-03,+460.97500133E-03
-4.29000E-06,-232.85001121E-03,+460.97500133E-03
-4.28000E-06,-232.22501122E-03,+464.10000138E-03
-4.27000E-06,-232.22501122E-03,+464.10000138E-03
-4.26000E-06,-232.22501122E-03,+460.97500133E-03
-4.25000E-06,-232.22501122E-03,+467.22500143E-03
-4.24000E-06,-231.60001123E-03,+467.22500143E-03
-4.23000E-06,-232.22501122E-03,+467.22500143E-03
-4.22000E-06,-232.85001121E-03,+470.35000147E-03
-4.21000E-06,-232.85001121E-03,+470.35000147E-03
-4.20000E-06,-232.22501122E-03,+467.22500143E-03
-4.19000E-06,-232.22501122E-03,+467.22500143E-03
-4.18000E-06,-230.97501125E-03,+467.22500143E-03
-4.17000E-06,-230.35001126E-03,+470.35000147E-03
-4.16000E-06,-230.97501125E-03,+470.35000147E-03
-4.15000E-06,-230.35001126E-03,+473.47500152E-03
-4.14000E-06,-230.97501125E-03,+473.47500152E-03
-4.13000E-06,-230.97501125E-03,+473.47500152E-03
-4.12000E-06,-231.60001123E-03,+473.47500152E-03
-4.11000E-06,-231.60001123E-03,+470.35000147E-03
-4.10000E-06,-232.22501122E-03,+470.35000147E-03
-4.09000E-06,-232.85001121E-03,+470.35000147E-03
-4.08000E-06,-232.85001121E-03,+470.35000147E-03
-4.07000E-06,-232.22501122E-03,+470.35000147E-03
-4.06000E-06,-232.85001121E-03,+470.35000147E-03
-4.05000E-06,-232.85001121E-03,+470.35000147E-03
-4.04000E-06,-232.85001121E-03,+470.35000147E-03
-4.03000E-06,-233.47501119E-03,+470.35000147E-03
-4.02000E-06,-233.47501119E-03,+467.22500143E-03
-4.01000E-06,-233.47501119E-03,+467.22500143E-03
-4.00000E-06,-233.47501119E-03,+464.10000138E-03
-3.99000E-06,-232.85001121E-03,+464.10000138E-03
-3.98000E-06,-234.10001118E-03,+464.10000138E-03
-3.97000E-06,-233.47501119E-03,+464.10000138E-03
-3.96000E-06,-232.85001121E-03,+464.10000138E-03
-3.95000E-06,-231.60001123E-03,+460.97500133E-03
-3.94000E-06,-232.85001121E-03,+464.10000138E-03
-3.93000E-06,-232.22501122E-03,+460.97500133E-03
-3.92000E-06,-230.97501125E-03,+464.10000138E-03
-3.91000E-06,-232.22501122E-03,+464.10000138E-03
-3.90000E-06,-231.60001123E-03,+460.97500133E-03
-3.89000E-06,-232.22501122E-03,+460.97500133E-03
-3.88000E-06,-232.85001121E-03,+460.97500133E-03
-3.87000E-06,-231.60001123E-03,+464.10000138E-03
-3.86000E-06,-231.60001123E-03,+464.10000138E-03
-3.85000E-06,-232.85001121E-03,+464.10000138E-03
-3.84000E-06,-231.60001123E-03,+467.22500143E-03
-3.83000E-06,-232.22501122E-03,+467.22500143E-03
-3.82000E-06,-233.47501119E-03,+464.10000138E-03
-3.81000E-06,-232.85001121E-03,+464.10000138E-03
-3.80000E-06,-231.60001123E-03,+467.22500143E-03
-3.79000E-06,-233.47501119E-03,+464.10000138E-03
-3.78000E-06,-232.85001121E-03,+464.10000138E-03
-3.77000E-06,-234.10001118E-03,+464.10000138E-03
-3.76000E-06,-233.47501119E-03,+460.97500133E-03
-3.75000E-06,-232.85001121E-03,+464.10000138E-03
-3.74000E-06,-232.85001121E-03,+464.10000138E-03
-3.73000E-06,-232.85001121E-03,+464.10000138E-03
-3.72000E-06,-232.22501122E-03,+464.10000138E-03
-3.71000E-06,-231.60001123E-03,+460.97500133E-03
-3.70000E-06,-232.22501122E-03,+460.97500133E-03
-3.69000E-06,-232.85001121E-03,+457.85000129E-03
-3.68000E-06,-232.85001121E-03,+457.85000129E-03
-3.67000E-06,-234.10001118E-03,+457.85000129E-03
-3.66000E-06,-234.10001118E-03,+457.85000129E-03
-3.65000E-06,-234.72501116E-03,+460.97500133E-03
-3.64000E-06,-234.72501116E-03,+457.85000129E-03
-3.63000E-06,-235.35001115E-03,+460.97500133E-03
-3.62000E-06,-234.10001118E-03,+457.85000129E-03
-3.61000E-06,-234.10001118E-03,+454.72500124E-03
-3.60000E-06,-232.85001121E-03,+457.85000129E-03
-3.59000E-06,-232.85001121E-03,+457.85000129E-03
-3.58000E-06,-234.10001118E-03,+460.97500133E-03
-3.57000E-06,-234.10001118E-03,+457.85000129E-03
-3.56000E-06,-233.47501119E-03,+457.85000129E-03
-3.55000E-06,-234.10001118E-03,+457.85000129E-03
-3.54000E-06,-233.47501119E-03,+457.85000129E-03
-3.53000E-06,-234.10001118E-03,+454.72500124E-03
-3.52000E-06,-234.10001118E-03,+454.72500124E-03
-3.51000E-06,-234.72501116E-03,+454.72500124E-03
-3.50000E-06,-234.10001118E-03,+457.85000129E-03
-3.49000E-06,-234.72501116E-03,+454.72500124E-03
-3.48000E-06,-234.10001118E-03,+451.60000119E-03
-3.47000E-06,-234.72501116E-03,+451.60000119E-03
-3.46000E-06,-234.10001118E-03,+448.47500115E-03
-3.45000E-06,-234.10001118E-03,+451.60000119E-03
-3.44000E-06,-233.47501119E-03,+451.60000119E-03
-3.43000E-06,-234.10001118E-03,+448.47500115E-03
-3.42000E-06,-233.47501119E-03,+448.47500115E-03
-3.41000E-06,-232.85001121E-03,+448.47500115E-03
-3.40000E-06,-232.85001121E-03,+448.47500115E-03
-3.39000E-06,-232.22501122E-03,+448.47500115E-03
-3.38000E-06,-232.22501122E-03,+448.47500115E-03
-3.37000E-06,-233.47501119E-03,+448.47500115E-03
-3.36000E-06,-232.85001121E-03,+445.35000110E-03
-3.35000E-06,-232.85001121E-03,+442.22500105E-03
-3.34000E-06,-233.47501119E-03,+445.35000110E-03
-3.33000E-06,-233.47501119E-03,+442.22500105E-03
-3.32000E-06,-233.47501119E-03,+439.10000101E-03
-3.31000E-06,-234.10001118E-03,+439.10000101E-03
-3.30000E-06,-234.10001118E-03,+435.97500096E-03
-3.29000E-06,-232.85001121E-03,+435.97500096E-03
-3.28000E-06,-233.47501119E-03,+435.97500096E-03
-3.27000E-06,-232.85001121E-03,+435.97500096E-03
-3.26000E-06,-232.22501122E-03,+435.97500096E-03
-3.25000E-06,-232.85001121E-03,+435.97500096E-03
-3.24000E-06,-231.60001123E-03,+432.85000091E-03
-3.23000E-06,-231.60001123E-03,+435.97500096E-03
-3.22000E-06,-232.22501122E-03,+432.85000091E-03
-3.21000E-06,-232.22501122E-03,+435.97500096E-03
-3.20000E-06,-230.97501125E-03,+432.85000091E-03
-3.19000E-06,-232.85001121E-03,+429.72500087E-03
-3.18000E-06,-232.22501122E-03,+429.72500087E-03
-3.17000E-06,-231.60001123E-03,+426.60000082E-03
-3.16000E-06,-232.85001121E-03,+426.60000082E-03
-3.15000E-06,-232.85001121E-03,+426.60000082E-03
-3.14000E-06,-231.60001123E-03,+426.60000082E-03
-3.13000E-06,-232.22501122E-03,+423.47500077E-03
-3.12000E-06,-232.85001121E-03,+423.47500077E-03
-3.11000E-06,-232.22501122E-03,+423.47500077E-03
-3.10000E-06,-231.60001123E-03,+426.60000082E-03
-3.09000E-06,-232.22501122E-03,+423.47500077E-03
-3.08000E-06,-231.60001123E-03,+426.60000082E-03
-3.07000E-06,-231.60001123E-03,+426.60000082E-03
-3.06000E-06,-232.85001121E-03,+429.72500087E-03
-3.05000E-06,-231.60001123E-03,+423.47500077E-03
-3.04000E-06,-231.60001123E-03,+423.47500077E-03
-3.03000E-06,-232.85001121E-03,+423.47500077E-03
-3.02000E-06,-232.22501122E-03,+423.47500077E-03
-3.01000E-06,-232.85001121E-03,+423.47500077E-03
-3.00000E-06,-232.85001121E-03,+420.35000073E-03
-2.99000E-06,-233.47501119E-03,+423.47500077E-03
-2.98000E-06,-231.60001123E-03,+423.47500077E-03
-2.97000E-06,-231.60001123E-03,+423.47500077E-03
-2.96000E-06,-231.60001123E-03,+420.35000073E-03
-2.95000E-06,-232.22501122E-03,+426.60000082E-03
-2.94000E-06,-232.22501122E-03,+423.47500077E-03
-2.93000E-06,-233.47501119E-03,+423.47500077E-03
-2.92000E-06,-232.85001121E-03,+426.60000082E-03
-2.91000E-06,-232.85001121E-03,+420.35000073E-03
-2.90000E-06,-232.85001121E-03,+423.47500077E-03
-2.89000E-06,-232.85001121E-03,+423.47500077E-03
-2.88000E-06,-232.85001121E-03,+420.35000073E-03
-2.87000E-06,-232.22501122E-03,+423.47500077E-03
-2.86000E-06,-232.85001121E-03,+423.47500077E-03
-2.85000E-06,-232.22501122E-03,+423.47500077E-03
-2.84000E-06,-231.60001123E-03,+420.35000073E-03
-2.83000E-06,-232.22501122E-03,+417.22500068E-03
-2.82000E-06,-232.22501122E-03,+420.35000073E-03
-2.81000E-06,-233.47501119E-03,+414.10000063E-03
-2.80000E-06,-232.85001121E-03,+417.22500068E-03
-2.79000E-06,-234.10001118E-03,+414.10000063E-03
-2.78000E-06,-234.10001118E-03,+417.22500068E-03
-2.77000E-06,-234.10001118E-03,+414.10000063E-03
-2.76000E-06,-234.72501116E-03,+414.10000063E-03
-2.75000E-06,-234.72501116E-03,+410.97500059E-03
-2.74000E-06,-234.10001118E-03,+410.97500059E-03
-2.73000E-06,-234.72501116E-03,+410.97500059E-03
-2.72000E-06,-234.10001118E-03,+410.97500059E-03
-2.71000E-06,-234.10001118E-03,+414.10000063E-03
-2.70000E-06,-234.10001118E-03,+410.97500059E-03
-2.69000E-06,-234.10001118E-03,+407.85000054E-03
-2.68000E-06,-234.10001118E-03,+410.97500059E-03
-2.67000E-06,-234.10001118E-03,+407.85000054E-03
-2.66000E-06,-233.47501119E-03,+407.85000054E-03
-2.65000E-06,-234.72501116E-03,+410.97500059E-03
-2.64000E-06,-233.47501119E-03,+410.97500059E-03
-2.63000E-06,-232.85001121E-03,+407.85000054E-03
-2.62000E-06,-232.85001121E-03,+407.85000054E-03
-2.61000E-06,-232.22501122E-03,+410.97500059E-03
-2.60000E-06,-232.85001121E-03,+407.85000054E-03
-2.59000E-06,-233.47501119E-03,+404.72500050E-03
-2.58000E-06,-233.47501119E-03,+404.72500050E-03
-2.57000E-06,-233.47501119E-03,+401.60000045E-03
-2.56000E-06,-233.47501119E-03,+404.72500050E-03
-2.55000E-06,-233.47501119E-03,+401.60000045E-03
-2.54000E-06,-233.47501119E-03,+401.60000045E-03
-2.53000E-06,-234.10001118E-03,+401.60000045E-03
-2.52000E-06,-233.47501119E-03,+398.47500040E-03
-2.51000E-06,-233.47501119E-03,+398.47500040E-03
-2.50000E-06,-233.47501119E-03,+398.47500040E-03
-2.49000E-06,-232.22501122E-03,+395.35000036E-03
-2.48000E-06,-232.22501122E-03,+395.35000036E-03
-2.47000E-06,-232.22501122E-03,+395.35000036E-03
-2.46000E-06,-230.97501125E-03,+395.35000036E-03
-2.45000E-06,-230.97501125E-03,+392.22500031E-03
-2.44000E-06,-230.35001126E-03,+389.10000026E-03
-2.43000E-06,-230.35001126E-03,+385.97500022E-03
-2.42000E-06,-231.60001123E-03,+389.10000026E-03
-2.41000E-06,-232.22501122E-03,+382.85000017E-03
-2.40000E-06,-232.22501122E-03,+379.72500012E-03
-2.39000E-06,-232.85001121E-03,+379.72500012E-03
-2.38000E-06,-233.47501119E-03,+376.60000008E-03
-2.37000E-06,-232.22501122E-03,+373.47500003E-03
-2.36000E-06,-232.85001121E-03,+373.47500003E-03
-2.35000E-06,-232.85001121E-03,+370.34999998E-03
-2.34000E-06,-231.60001123E-03,+370.34999998E-03
-2.33000E-06,-231.60001123E-03,+367.22499994E-03
-2.32000E-06,-230.97501125E-03,+367.22499994E-03
-2.31000E-06,-230.35001126E-03,+364.09999989E-03
-2.30000E-06,-231.60001123E-03,+364.09999989E-03
-2.29000E-06,-231.60001123E-03,+364.09999989E-03
-2.28000E-06,-231.60001123E-03,+360.97499984E-03
-2.27000E-06,-231.60001123E-03,+360.97499984E-03
-2.26000E-06,-231.60001123E-03,+364.09999989E-03
-2.25000E-06,-232.22501122E-03,+367.22499994E-03
-2.24000E-06,-232.85001121E-03,+364.09999989E-03
-2.23000E-06,-232.22501122E-03,+360.97499984E-03
-2.22000E-06,-232.85001121E-03,+364.09999989E-03
-2.21000E-06,-234.10001118E-03,+364.09999989E-03
-2.20000E-06,-232.85001121E-03,+364.09999989E-03
-2.19000E-06,-233.47501119E-03,+364.09999989E-03
-2.18000E-06,-234.72501116E-03,+364.09999989E-03
-2.17000E-06,-234.10001118E-03,+360.97499984E-03
-2.16000E-06,-234.72501116E-03,+360.97499984E-03
-2.15000E-06,-234.10001118E-03,+357.84999980E-03
-2.14000E-06,-234.72501116E-03,+360.97499984E-03
-2.13000E-06,-234.72501116E-03,+357.84999980E-03
-2.12000E-06,-234.10001118E-03,+360.97499984E-03
-2.11000E-06,-234.10001118E-03,+357.84999980E-03
-2.10000E-06,-232.85001121E-03,+360.97499984E-03
-2.09000E-06,-232.85001121E-03,+357.84999980E-03
-2.08000E-06,-233.47501119E-03,+357.84999980E-03
-2.07000E-06,-232.22501122E-03,+357.84999980E-03
-2.06000E-06,-231.60001123E-03,+357.84999980E-03
-2.05000E-06,-232.22501122E-03,+357.84999980E-03
-2.04000E-06,-232.22501122E-03,+357.84999980E-03
-2.03000E-06,-232.22501122E-03,+354.72499975E-03
-2.02000E-06,-232.85001121E-03,+351.59999970E-03
-2.01000E-06,-232.85001121E-03,+354.72499975E-03
-2.00000E-06,-231.60001123E-03,+351.59999970E-03
-1.99000E-06,-234.10001118E-03,+351.59999970E-03
-1.98000E-06,-232.22501122E-03,+351.59999970E-03
-1.97000E-06,-232.85001121E-03,+354.72499975E-03
-1.96000E-06,-234.10001118E-03,+351.59999970E-03
-1.95000E-06,-234.10001118E-03,+351.59999970E-03
-1.94000E-06,-234.72501116E-03,+354.72499975E-03
-1.93000E-06,-234.72501116E-03,+348.47499966E-03
-1.92000E-06,-234.72501116E-03,+351.59999970E-03
-1.91000E-06,-234.72501116E-03,+351.59999970E-03
-1.90000E-06,-233.47501119E-03,+351.59999970E-03
-1.89000E-06,-234.10001118E-03,+348.47499966E-03
-1.88000E-06,-232.85001121E-03,+351.59999970E-03
-1.87000E-06,-232.22501122E-03,+354.72499975E-03
-1.86000E-06,-232.22501122E-03,+351.59999970E-03
-1.85000E-06,-231.60001123E-03,+351.59999970E-03
-1.84000E-06,-231.60001123E-03,+351.59999970E-03
-1.83000E-06,-232.22501122E-03,+348.47499966E-03
-1.82000E-06,-232.22501122E-03,+351.59999970E-03
-1.81000E-06,-231.60001123E-03,+348.47499966E-03
-1.80000E-06,-230.97501125E-03,+348.47499966E-03
-1.79000E-06,-230.97501125E-03,+351.59999970E-03
-1.78000E-06,-230.97501125E-03,+354.72499975E-03
-1.77000E-06,-230.97501125E-03,+354.72499975E-03
-1.76000E-06,-230.97501125E-03,+351.59999970E-03
-1.75000E-06,-230.97501125E-03,+354.72499975E-03
-1.74000E-06,-230.97501125E-03,+354.72499975E-03
-1.73000E-06,-230.97501125E-03,+348.47499966E-03
-1.72000E-06,-230.97501125E-03,+348.47499966E-03
-1.71000E-06,-231.60001123E-03,+345.34999961E-03
-1.70000E-06,-230.35001126E-03,+348.47499966E-03
-1.69000E-06,-231.60001123E-03,+345.34999961E-03
-1.68000E-06,-231.60001123E-03,+345.34999961E-03
-1.67000E-06,-231.60001123E-03,+342.22499956E-03
-1.66000E-06,-232.22501122E-03,+342.22499956E-03
-1.65000E-06,-232.85001121E-03,+342.22499956E-03
-1.64000E-06,-231.60001123E-03,+342.22499956E-03
-1.63000E-06,-232.85001121E-03,+342.22499956E-03
-1.62000E-06,-232.85001121E-03,+345.34999961E-03
-1.61000E-06,-233.47501119E-03,+342.22499956E-03
-1.60000E-06,-232.85001121E-03,+342.22499956E-03
-1.59000E-06,-232.85001121E-03,+339.09999952E-03
-1.58000E-06,-232.22501122E-03,+339.09999952E-03
-1.57000E-06,-232.85001121E-03,+342.22499956E-03
-1.56000E-06,-231.60001123E-03,+332.84999942E-03
-1.55000E-06,-231.60001123E-03,+339.09999952E-03
-1.54000E-06,-231.60001123E-03,+339.09999952E-03
-1.53000E-06,-230.97501125E-03,+335.97499947E-03
-1.52000E-06,-231.60001123E-03,+335.97499947E-03
-1.51000E-06,-231.60001123E-03,+332.84999942E-03
-1.50000E-06,-232.22501122E-03,+335.97499947E-03
-1.49000E-06,-232.85001121E-03,+335.97499947E-03
-1.48000E-06,-232.85001121E-03,+329.72499938E-03
-1.47000E-06,-232.85001121E-03,+332.84999942E-03
-1.46000E-06,-233.47501119E-03,+332.84999942E-03
-1.45000E-06,-234.72501116E-03,+335.97499947E-03
-1.44000E-06,-234.10001118E-03,+335.97499947E-03
-1.43000E-06,-235.35001115E-03,+335.97499947E-03
-1.42000E-06,-235.35001115E-03,+335.97499947E-03
-1.41000E-06,-235.97501114E-03,+339.09999952E-03
-1.40000E-06,-236.60001112E-03,+342.22499956E-03
-1.39000E-06,-234.72501116E-03,+342.22499956E-03
-1.38000E-06,-234.72501116E-03,+342.22499956E-03
-1.37000E-06,-235.35001115E-03,+345.34999961E-03
-1.36000E-06,-234.72501116E-03,+342.22499956E-03
-1.35000E-06,-234.72501116E-03,+342.22499956E-03
-1.34000E-06,-234.72501116E-03,+342.22499956E-03
-1.33000E-06,-234.10001118E-03,+342.22499956E-03
-1.32000E-06,-233.47501119E-03,+342.22499956E-03
-1.31000E-06,-234.10001118E-03,+342.22499956E-03
-1.30000E-06,-233.47501119E-03,+342.22499956E-03
-1.29000E-06,-234.72501116E-03,+342.22499956E-03
-1.28000E-06,-233.47501119E-03,+342.22499956E-03
-1.27000E-06,-232.85001121E-03,+339.09999952E-03
-1.26000E-06,-233.47501119E-03,+345.34999961E-03
-1.25000E-06,-232.22501122E-03,+342.22499956E-03
-1.24000E-06,-232.85001121E-03,+342.22499956E-03
-1.23000E-06,-232.85001121E-03,+342.22499956E-03
-1.22000E-06,-232.85001121E-03,+348.47499966E-03
-1.21000E-06,-233.47501119E-03,+348.47499966E-03
-1.20000E-06,-232.85001121E-03,+348.47499966E-03
-1.19000E-06,-233.47501119E-03,+348.47499966E-03
-1.18000E-06,-233.47501119E-03,+351.59999970E-03
-1.17000E-06,-234.10001118E-03,+354.72499975E-03
-1.16000E-06,-232.85001121E-03,+351.59999970E-03
-1.15000E-06,-234.72501116E-03,+351.59999970E-03
-1.14000E-06,-233.47501119E-03,+354.72499975E-03
-1.13000E-06,-232.85001121E-03,+354.72499975E-03
-1.12000E-06,-232.85001121E-03,+351.59999970E-03
-1.11000E-06,-231.60001123E-03,+351.59999970E-03
-1.10000E-06,-232.85001121E-03,+351.59999970E-03
-1.09000E-06,-232.22501122E-03,+348.47499966E-03
-1.08000E-06,-231.60001123E-03,+351.59999970E-03
-1.07000E-06,-230.97501125E-03,+354.72499975E-03
-1.06000E-06,-232.22501122E-03,+354.72499975E-03
-1.05000E-06,-232.22501122E-03,+357.84999980E-03
-1.04000E-06,-231.60001123E-03,+354.72499975E-03
-1.03000E-06,-231.60001123E-03,+354.72499975E-03
-1.02000E-06,-231.60001123E-03,+351.59999970E-03
-1.01000E-06,-230.35001126E-03,+351.59999970E-03
-1.00000E-06,-230.35001126E-03,+354.72499975E-03
-990.00E-09,-231.60001123E-03,+354.72499975E-03
-980.00E-09,-230.35001126E-03,+357.84999980E-03
-970.00E-09,-230.97501125E-03,+354.72499975E-03
-960.00E-09,-232.85001121E-03,+351.59999970E-03
-950.00E-09,-230.35001126E-03,+357.84999980E-03
-940.00E-09,-229.72501128E-03,+360.97499984E-03
-930.00E-09,-232.85001121E-03,+351.59999970E-03
-920.00E-09,-230.35001126E-03,+357.84999980E-03
-910.00E-09,-228.47501130E-03,+364.09999989E-03
-900.00E-09,-233.47501119E-03,+354.72499975E-03
-890.00E-09,-232.22501122E-03,+354.72499975E-03
-880.00E-09,-227.22501133E-03,+367.22499994E-03
-870.00E-09,-233.47501119E-03,+360.97499984E-03
-860.00E-09,-232.22501122E-03,+354.72499975E-03
-850.00E-09,-226.60001135E-03,+360.97499984E-03
-840.00E-09,-230.97501125E-03,+364.09999989E-03
-830.00E-09,-234.10001118E-03,+351.59999970E-03
-820.00E-09,-228.47501130E-03,+364.09999989E-03
-810.00E-09,-229.10001129E-03,+364.09999989E-03
-800.00E-09,-234.72501116E-03,+354.72499975E-03
-790.00E-09,-228.47501130E-03,+354.72499975E-03
-780.00E-09,-227.85001132E-03,+360.97499984E-03
-770.00E-09,-233.47501119E-03,+354.72499975E-03
-760.00E-09,-230.35001126E-03,+357.84999980E-03
-750.00E-09,-226.60001135E-03,+357.84999980E-03
-740.00E-09,-232.85001121E-03,+357.84999980E-03
-730.00E-09,-231.60001123E-03,+357.84999980E-03
-720.00E-09,-227.22501133E-03,+364.09999989E-03
-710.00E-09,-232.22501122E-03,+360.97499984E-03
-700.00E-09,-232.22501122E-03,+360.97499984E-03
-690.00E-09,-230.35001126E-03,+360.97499984E-03
-680.00E-09,-232.85001121E-03,+364.09999989E-03
-670.00E-09,-234.10001118E-03,+360.97499984E-03
-660.00E-09,-231.60001123E-03,+364.09999989E-03
-650.00E-09,-232.22501122E-03,+367.22499994E-03
-640.00E-09,-233.47501119E-03,+364.09999989E-03
-630.00E-09,-232.22501122E-03,+360.97499984E-03
-620.00E-09,-230.97501125E-03,+367.22499994E-03
-610.00E-09,-232.85001121E-03,+364.09999989E-03
-600.00E-09,-232.85001121E-03,+364.09999989E-03
-590.00E-09,-231.60001123E-03,+367.22499994E-03
-580.00E-09,-234.10001118E-03,+370.34999998E-03
-570.00E-09,-234.72501116E-03,+364.09999989E-03
-560.00E-09,-233.47501119E-03,+370.34999998E-03
-550.00E-09,-234.72501116E-03,+373.47500003E-03
-540.00E-09,-234.72501116E-03,+370.34999998E-03
-530.00E-09,-233.47501119E-03,+373.47500003E-03
-520.00E-09,-233.47501119E-03,+376.60000008E-03
-510.00E-09,-235.35001115E-03,+373.47500003E-03
-500.00E-09,-234.10001118E-03,+373.47500003E-03
-490.00E-09,-234.10001118E-03,+379.72500012E-03
-480.00E-09,-235.35001115E-03,+376.60000008E-03
-470.00E-09,-234.72501116E-03,+379.72500012E-03
-460.00E-09,-233.47501119E-03,+382.85000017E-03
-450.00E-09,-234.72501116E-03,+382.85000017E-03
-440.00E-09,-234.72501116E-03,+379.72500012E-03
-430.00E-09,-234.72501116E-03,+382.85000017E-03
-420.00E-09,-234.72501116E-03,+389.10000026E-03
-410.00E-09,-235.35001115E-03,+385.97500022E-03
-400.00E-09,-233.47501119E-03,+389.10000026E-03
-390.00E-09,-234.10001118E-03,+389.10000026E-03
-380.00E-09,-234.72501116E-03,+392.22500031E-03
-370.00E-09,-232.85001121E-03,+392.22500031E-03
-360.00E-09,-232.85001121E-03,+395.35000036E-03
-350.00E-09,-234.10001118E-03,+392.22500031E-03
-340.00E-09,-234.10001118E-03,+389.10000026E-03
-330.00E-09,-234.10001118E-03,+398.47500040E-03
-320.00E-09,-234.72501116E-03,+395.35000036E-03
-310.00E-09,-234.10001118E-03,+395.35000036E-03
-300.00E-09,-234.10001118E-03,+401.60000045E-03
-290.00E-09,-234.10001118E-03,+401.60000045E-03
-280.00E-09,-234.72501116E-03,+401.60000045E-03
-270.00E-09,-234.72501116E-03,+401.60000045E-03
-260.00E-09,-234.72501116E-03,+401.60000045E-03
-250.00E-09,-234.10001118E-03,+401.60000045E-03
-240.00E-09,-234.10001118E-03,+404.72500050E-03
-230.00E-09,-233.47501119E-03,+401.60000045E-03
-220.00E-09,-233.47501119E-03,+404.72500050E-03
-210.00E-09,-234.10001118E-03,+401.60000045E-03
-200.00E-09,-232.85001121E-03,+404.72500050E-03
-190.00E-09,-232.22501122E-03,+404.72500050E-03
-180.00E-09,-232.22501122E-03,+401.60000045E-03
-170.00E-09,-231.60001123E-03,+404.72500050E-03
-160.00E-09,-231.60001123E-03,+404.72500050E-03
-150.00E-09,-232.22501122E-03,+404.72500050E-03
-140.00E-09,-231.60001123E-03,+404.72500050E-03
-130.00E-09,-232.22501122E-03,+404.72500050E-03
-120.00E-09,-232.22501122E-03,+407.85000054E-03
-110.00E-09,-232.85001121E-03,+407.85000054E-03
-100.00E-09,-233.47501119E-03,+410.97500059E-03
-90.00E-09,-234.10001118E-03,+410.97500059E-03
-80.00E-09,-233.47501119E-03,+414.10000063E-03
-70.00E-09,-234.10001118E-03,+410.97500059E-03
-60.00E-09,-233.47501119E-03,+414.10000063E-03
-50.00E-09,-233.47501119E-03,+414.10000063E-03
-40.00E-09,-234.10001118E-03,+414.10000063E-03
-30.00E-09,-232.85001121E-03,+414.10000063E-03
-20.00E-09,-233.47501119E-03,+414.10000063E-03
-10.00E-09,-234.10001118E-03,+417.22500068E-03
-0.0E+00,-232.85001121E-03,+417.22500068E-03
+10.00E-09,-233.47501119E-03,+420.35000073E-03
+20.00E-09,-232.85001121E-03,+420.35000073E-03
+30.00E-09,-232.22501122E-03,+423.47500077E-03
+40.00E-09,-231.60001123E-03,+423.47500077E-03
+50.00E-09,-232.22501122E-03,+426.60000082E-03
+60.00E-09,-231.60001123E-03,+426.60000082E-03
+70.00E-09,-230.97501125E-03,+426.60000082E-03
+80.00E-09,-231.60001123E-03,+426.60000082E-03
+90.00E-09,-230.97501125E-03,+423.47500077E-03
+100.00E-09,-230.35001126E-03,+429.72500087E-03
+110.00E-09,-230.97501125E-03,+429.72500087E-03
+120.00E-09,-231.60001123E-03,+426.60000082E-03
+130.00E-09,-231.60001123E-03,+426.60000082E-03
+140.00E-09,-232.22501122E-03,+429.72500087E-03
+150.00E-09,-232.22501122E-03,+426.60000082E-03
+160.00E-09,-231.60001123E-03,+432.85000091E-03
+170.00E-09,-231.60001123E-03,+432.85000091E-03
+180.00E-09,-232.22501122E-03,+435.97500096E-03
+190.00E-09,-232.85001121E-03,+432.85000091E-03
+200.00E-09,-232.22501122E-03,+432.85000091E-03
+210.00E-09,-232.85001121E-03,+429.72500087E-03
+220.00E-09,-233.47501119E-03,+429.72500087E-03
+230.00E-09,-232.85001121E-03,+432.85000091E-03
+240.00E-09,-233.47501119E-03,+432.85000091E-03
+250.00E-09,-234.10001118E-03,+432.85000091E-03
+260.00E-09,-232.85001121E-03,+435.97500096E-03
+270.00E-09,-234.10001118E-03,+432.85000091E-03
+280.00E-09,-233.47501119E-03,+432.85000091E-03
+290.00E-09,-232.22501122E-03,+435.97500096E-03
+300.00E-09,-232.85001121E-03,+435.97500096E-03
+310.00E-09,-233.47501119E-03,+432.85000091E-03
+320.00E-09,-233.47501119E-03,+435.97500096E-03
+330.00E-09,-233.47501119E-03,+435.97500096E-03
+340.00E-09,-233.47501119E-03,+439.10000101E-03
+350.00E-09,-232.85001121E-03,+439.10000101E-03
+360.00E-09,-232.22501122E-03,+442.22500105E-03
+370.00E-09,-231.60001123E-03,+442.22500105E-03
+380.00E-09,-232.22501122E-03,+442.22500105E-03
+390.00E-09,-232.22501122E-03,+442.22500105E-03
+400.00E-09,-231.60001123E-03,+445.35000110E-03
+410.00E-09,-232.22501122E-03,+445.35000110E-03
+420.00E-09,-232.22501122E-03,+448.47500115E-03
+430.00E-09,-232.22501122E-03,+448.47500115E-03
+440.00E-09,-232.85001121E-03,+448.47500115E-03
+450.00E-09,-232.22501122E-03,+445.35000110E-03
+460.00E-09,-232.22501122E-03,+448.47500115E-03
+470.00E-09,-233.47501119E-03,+448.47500115E-03
+480.00E-09,-232.85001121E-03,+445.35000110E-03
+490.00E-09,-232.85001121E-03,+442.22500105E-03
+500.00E-09,-232.85001121E-03,+445.35000110E-03
+510.00E-09,-232.85001121E-03,+445.35000110E-03
+520.00E-09,-232.85001121E-03,+448.47500115E-03
+530.00E-09,-232.85001121E-03,+448.47500115E-03
+540.00E-09,-233.47501119E-03,+448.47500115E-03
+550.00E-09,-232.85001121E-03,+454.72500124E-03
+560.00E-09,-233.47501119E-03,+451.60000119E-03
+570.00E-09,-232.85001121E-03,+451.60000119E-03
+580.00E-09,-232.85001121E-03,+454.72500124E-03
+590.00E-09,-234.10001118E-03,+454.72500124E-03
+600.00E-09,-232.85001121E-03,+451.60000119E-03
+610.00E-09,-234.10001118E-03,+454.72500124E-03
+620.00E-09,-234.10001118E-03,+454.72500124E-03
+630.00E-09,-234.10001118E-03,+454.72500124E-03
+640.00E-09,-233.47501119E-03,+457.85000129E-03
+650.00E-09,-232.85001121E-03,+457.85000129E-03
+660.00E-09,-231.60001123E-03,+457.85000129E-03
+670.00E-09,-231.60001123E-03,+457.85000129E-03
+680.00E-09,-230.97501125E-03,+457.85000129E-03
+690.00E-09,-231.60001123E-03,+454.72500124E-03
+700.00E-09,-231.60001123E-03,+454.72500124E-03
+710.00E-09,-232.22501122E-03,+454.72500124E-03
+720.00E-09,-230.97501125E-03,+454.72500124E-03
+730.00E-09,-231.60001123E-03,+454.72500124E-03
+740.00E-09,-230.97501125E-03,+457.85000129E-03
+750.00E-09,-230.35001126E-03,+457.85000129E-03
+760.00E-09,-229.72501128E-03,+454.72500124E-03
+770.00E-09,-229.72501128E-03,+451.60000119E-03
+780.00E-09,-229.10001129E-03,+454.72500124E-03
+790.00E-09,-230.35001126E-03,+454.72500124E-03
+800.00E-09,-229.10001129E-03,+454.72500124E-03
+810.00E-09,-229.72501128E-03,+451.60000119E-03
+820.00E-09,-230.35001126E-03,+451.60000119E-03
+830.00E-09,-229.72501128E-03,+451.60000119E-03
+840.00E-09,-229.72501128E-03,+448.47500115E-03
+850.00E-09,-230.35001126E-03,+448.47500115E-03
+860.00E-09,-229.72501128E-03,+448.47500115E-03
+870.00E-09,-230.35001126E-03,+448.47500115E-03
+880.00E-09,-230.97501125E-03,+448.47500115E-03
+890.00E-09,-230.35001126E-03,+448.47500115E-03
+900.00E-09,-230.97501125E-03,+448.47500115E-03
+910.00E-09,-230.97501125E-03,+451.60000119E-03
+920.00E-09,-230.97501125E-03,+445.35000110E-03
+930.00E-09,-231.60001123E-03,+448.47500115E-03
+940.00E-09,-231.60001123E-03,+448.47500115E-03
+950.00E-09,-232.22501122E-03,+448.47500115E-03
+960.00E-09,-231.60001123E-03,+442.22500105E-03
+970.00E-09,-232.22501122E-03,+445.35000110E-03
+980.00E-09,-232.22501122E-03,+445.35000110E-03
+990.00E-09,-231.60001123E-03,+445.35000110E-03
+1.00000E-06,-231.60001123E-03,+445.35000110E-03
+1.01000E-06,-232.22501122E-03,+445.35000110E-03
+1.02000E-06,-230.97501125E-03,+445.35000110E-03
+1.03000E-06,-231.60001123E-03,+442.22500105E-03
+1.04000E-06,-230.97501125E-03,+445.35000110E-03
+1.05000E-06,-231.60001123E-03,+442.22500105E-03
+1.06000E-06,-230.97501125E-03,+442.22500105E-03
+1.07000E-06,-230.97501125E-03,+445.35000110E-03
+1.08000E-06,-230.97501125E-03,+445.35000110E-03
+1.09000E-06,-231.60001123E-03,+445.35000110E-03
+1.10000E-06,-231.60001123E-03,+442.22500105E-03
+1.11000E-06,-232.22501122E-03,+448.47500115E-03
+1.12000E-06,-231.60001123E-03,+445.35000110E-03
+1.13000E-06,-232.22501122E-03,+448.47500115E-03
+1.14000E-06,-232.22501122E-03,+448.47500115E-03
+1.15000E-06,-231.60001123E-03,+451.60000119E-03
+1.16000E-06,-232.22501122E-03,+448.47500115E-03
+1.17000E-06,-232.22501122E-03,+454.72500124E-03
+1.18000E-06,-232.85001121E-03,+454.72500124E-03
+1.19000E-06,-233.47501119E-03,+451.60000119E-03
+1.20000E-06,-232.22501122E-03,+454.72500124E-03
+1.21000E-06,-232.22501122E-03,+454.72500124E-03
+1.22000E-06,-232.22501122E-03,+454.72500124E-03
+1.23000E-06,-232.85001121E-03,+454.72500124E-03
+1.24000E-06,-230.97501125E-03,+457.85000129E-03
+1.25000E-06,-230.97501125E-03,+454.72500124E-03
+1.26000E-06,-230.97501125E-03,+454.72500124E-03
+1.27000E-06,-230.35001126E-03,+454.72500124E-03
+1.28000E-06,-230.97501125E-03,+451.60000119E-03
+1.29000E-06,-230.97501125E-03,+451.60000119E-03
+1.30000E-06,-230.35001126E-03,+448.47500115E-03
+1.31000E-06,-231.60001123E-03,+448.47500115E-03
+1.32000E-06,-231.60001123E-03,+445.35000110E-03
+1.33000E-06,-232.22501122E-03,+448.47500115E-03
+1.34000E-06,-232.85001121E-03,+445.35000110E-03
+1.35000E-06,-232.22501122E-03,+445.35000110E-03
+1.36000E-06,-232.85001121E-03,+451.60000119E-03
+1.37000E-06,-232.85001121E-03,+451.60000119E-03
+1.38000E-06,-232.85001121E-03,+448.47500115E-03
+1.39000E-06,-233.47501119E-03,+448.47500115E-03
+1.40000E-06,-232.85001121E-03,+445.35000110E-03
+1.41000E-06,-232.85001121E-03,+445.35000110E-03
+1.42000E-06,-233.47501119E-03,+442.22500105E-03
+1.43000E-06,-232.85001121E-03,+445.35000110E-03
+1.44000E-06,-233.47501119E-03,+445.35000110E-03
+1.45000E-06,-232.85001121E-03,+442.22500105E-03
+1.46000E-06,-232.85001121E-03,+445.35000110E-03
+1.47000E-06,-231.60001123E-03,+442.22500105E-03
+1.48000E-06,-232.85001121E-03,+442.22500105E-03
+1.49000E-06,-232.22501122E-03,+439.10000101E-03
+1.50000E-06,-232.22501122E-03,+442.22500105E-03
+1.51000E-06,-233.47501119E-03,+439.10000101E-03
+1.52000E-06,-232.85001121E-03,+439.10000101E-03
+1.53000E-06,-232.22501122E-03,+439.10000101E-03
+1.54000E-06,-232.22501122E-03,+439.10000101E-03
+1.55000E-06,-231.60001123E-03,+439.10000101E-03
+1.56000E-06,-231.60001123E-03,+439.10000101E-03
+1.57000E-06,-232.22501122E-03,+439.10000101E-03
+1.58000E-06,-232.22501122E-03,+439.10000101E-03
+1.59000E-06,-232.22501122E-03,+439.10000101E-03
+1.60000E-06,-231.60001123E-03,+442.22500105E-03
+1.61000E-06,-232.22501122E-03,+442.22500105E-03
+1.62000E-06,-232.22501122E-03,+445.35000110E-03
+1.63000E-06,-232.22501122E-03,+439.10000101E-03
+1.64000E-06,-232.85001121E-03,+439.10000101E-03
+1.65000E-06,-232.22501122E-03,+435.97500096E-03
+1.66000E-06,-231.60001123E-03,+435.97500096E-03
+1.67000E-06,-232.22501122E-03,+435.97500096E-03
+1.68000E-06,-231.60001123E-03,+432.85000091E-03
+1.69000E-06,-231.60001123E-03,+435.97500096E-03
+1.70000E-06,-230.97501125E-03,+432.85000091E-03
+1.71000E-06,-230.97501125E-03,+432.85000091E-03
+1.72000E-06,-230.97501125E-03,+429.72500087E-03
+1.73000E-06,-231.60001123E-03,+429.72500087E-03
+1.74000E-06,-231.60001123E-03,+432.85000091E-03
+1.75000E-06,-231.60001123E-03,+435.97500096E-03
+1.76000E-06,-231.60001123E-03,+426.60000082E-03
+1.77000E-06,-232.22501122E-03,+429.72500087E-03
+1.78000E-06,-231.60001123E-03,+426.60000082E-03
+1.79000E-06,-232.85001121E-03,+426.60000082E-03
+1.80000E-06,-230.97501125E-03,+420.35000073E-03
+1.81000E-06,-231.60001123E-03,+423.47500077E-03
+1.82000E-06,-232.22501122E-03,+423.47500077E-03
+1.83000E-06,-232.22501122E-03,+420.35000073E-03
+1.84000E-06,-232.22501122E-03,+417.22500068E-03
+1.85000E-06,-232.85001121E-03,+417.22500068E-03
+1.86000E-06,-232.22501122E-03,+417.22500068E-03
+1.87000E-06,-233.47501119E-03,+414.10000063E-03
+1.88000E-06,-233.47501119E-03,+414.10000063E-03
+1.89000E-06,-232.22501122E-03,+414.10000063E-03
+1.90000E-06,-232.85001121E-03,+417.22500068E-03
+1.91000E-06,-233.47501119E-03,+414.10000063E-03
+1.92000E-06,-231.60001123E-03,+414.10000063E-03
+1.93000E-06,-232.22501122E-03,+414.10000063E-03
+1.94000E-06,-232.22501122E-03,+414.10000063E-03
+1.95000E-06,-230.97501125E-03,+410.97500059E-03
+1.96000E-06,-231.60001123E-03,+414.10000063E-03
+1.97000E-06,-231.60001123E-03,+410.97500059E-03
+1.98000E-06,-231.60001123E-03,+410.97500059E-03
+1.99000E-06,-231.60001123E-03,+410.97500059E-03
+2.00000E-06,-232.22501122E-03,+410.97500059E-03
+2.01000E-06,-231.60001123E-03,+407.85000054E-03
+2.02000E-06,-233.47501119E-03,+407.85000054E-03
+2.03000E-06,-233.47501119E-03,+407.85000054E-03
+2.04000E-06,-232.85001121E-03,+401.60000045E-03
+2.05000E-06,-232.85001121E-03,+401.60000045E-03
+2.06000E-06,-232.22501122E-03,+398.47500040E-03
+2.07000E-06,-233.47501119E-03,+401.60000045E-03
+2.08000E-06,-234.10001118E-03,+401.60000045E-03
+2.09000E-06,-234.10001118E-03,+398.47500040E-03
+2.10000E-06,-234.10001118E-03,+401.60000045E-03
+2.11000E-06,-235.35001115E-03,+401.60000045E-03
+2.12000E-06,-234.10001118E-03,+395.35000036E-03
+2.13000E-06,-234.72501116E-03,+395.35000036E-03
+2.14000E-06,-234.72501116E-03,+395.35000036E-03
+2.15000E-06,-235.97501114E-03,+395.35000036E-03
+2.16000E-06,-234.72501116E-03,+392.22500031E-03
+2.17000E-06,-235.35001115E-03,+392.22500031E-03
+2.18000E-06,-234.72501116E-03,+389.10000026E-03
+2.19000E-06,-234.10001118E-03,+389.10000026E-03
+2.20000E-06,-233.47501119E-03,+389.10000026E-03
+2.21000E-06,-234.10001118E-03,+385.97500022E-03
+2.22000E-06,-232.22501122E-03,+382.85000017E-03
+2.23000E-06,-234.10001118E-03,+389.10000026E-03
+2.24000E-06,-232.85001121E-03,+385.97500022E-03
+2.25000E-06,-232.85001121E-03,+385.97500022E-03
+2.26000E-06,-232.85001121E-03,+385.97500022E-03
+2.27000E-06,-232.85001121E-03,+385.97500022E-03
+2.28000E-06,-232.85001121E-03,+385.97500022E-03
+2.29000E-06,-232.85001121E-03,+385.97500022E-03
+2.30000E-06,-234.10001118E-03,+385.97500022E-03
+2.31000E-06,-234.10001118E-03,+385.97500022E-03
+2.32000E-06,-234.10001118E-03,+385.97500022E-03
+2.33000E-06,-234.10001118E-03,+382.85000017E-03
+2.34000E-06,-234.10001118E-03,+382.85000017E-03
+2.35000E-06,-234.10001118E-03,+385.97500022E-03
+2.36000E-06,-234.10001118E-03,+382.85000017E-03
+2.37000E-06,-233.47501119E-03,+382.85000017E-03
+2.38000E-06,-234.72501116E-03,+382.85000017E-03
+2.39000E-06,-234.10001118E-03,+379.72500012E-03
+2.40000E-06,-232.85001121E-03,+379.72500012E-03
+2.41000E-06,-234.10001118E-03,+376.60000008E-03
+2.42000E-06,-232.22501122E-03,+373.47500003E-03
+2.43000E-06,-232.22501122E-03,+373.47500003E-03
+2.44000E-06,-230.97501125E-03,+367.22499994E-03
+2.45000E-06,-230.35001126E-03,+364.09999989E-03
+2.46000E-06,-230.97501125E-03,+360.97499984E-03
+2.47000E-06,-231.60001123E-03,+357.84999980E-03
+2.48000E-06,-231.60001123E-03,+357.84999980E-03
+2.49000E-06,-232.22501122E-03,+357.84999980E-03
+2.50000E-06,-232.85001121E-03,+357.84999980E-03
+2.51000E-06,-232.85001121E-03,+354.72499975E-03
+2.52000E-06,-232.85001121E-03,+354.72499975E-03
+2.53000E-06,-232.85001121E-03,+351.59999970E-03
+2.54000E-06,-233.47501119E-03,+354.72499975E-03
+2.55000E-06,-233.47501119E-03,+351.59999970E-03
+2.56000E-06,-232.85001121E-03,+351.59999970E-03
+2.57000E-06,-234.10001118E-03,+345.34999961E-03
+2.58000E-06,-233.47501119E-03,+348.47499966E-03
+2.59000E-06,-234.10001118E-03,+345.34999961E-03
+2.60000E-06,-234.10001118E-03,+348.47499966E-03
+2.61000E-06,-233.47501119E-03,+348.47499966E-03
+2.62000E-06,-233.47501119E-03,+348.47499966E-03
+2.63000E-06,-234.72501116E-03,+345.34999961E-03
+2.64000E-06,-232.85001121E-03,+342.22499956E-03
+2.65000E-06,-233.47501119E-03,+342.22499956E-03
+2.66000E-06,-232.85001121E-03,+342.22499956E-03
+2.67000E-06,-234.10001118E-03,+342.22499956E-03
+2.68000E-06,-232.85001121E-03,+335.97499947E-03
+2.69000E-06,-232.85001121E-03,+332.84999942E-03
+2.70000E-06,-233.47501119E-03,+332.84999942E-03
+2.71000E-06,-234.10001118E-03,+332.84999942E-03
+2.72000E-06,-232.85001121E-03,+332.84999942E-03
+2.73000E-06,-233.47501119E-03,+329.72499938E-03
+2.74000E-06,-232.85001121E-03,+332.84999942E-03
+2.75000E-06,-232.22501122E-03,+329.72499938E-03
+2.76000E-06,-232.22501122E-03,+329.72499938E-03
+2.77000E-06,-232.22501122E-03,+326.59999933E-03
+2.78000E-06,-231.60001123E-03,+329.72499938E-03
+2.79000E-06,-233.47501119E-03,+329.72499938E-03
+2.80000E-06,-233.47501119E-03,+326.59999933E-03
+2.81000E-06,-232.22501122E-03,+326.59999933E-03
+2.82000E-06,-234.10001118E-03,+323.47499928E-03
+2.83000E-06,-234.72501116E-03,+326.59999933E-03
+2.84000E-06,-232.85001121E-03,+323.47499928E-03
+2.85000E-06,-234.10001118E-03,+320.34999924E-03
+2.86000E-06,-234.72501116E-03,+323.47499928E-03
+2.87000E-06,-232.85001121E-03,+323.47499928E-03
+2.88000E-06,-232.85001121E-03,+323.47499928E-03
+2.89000E-06,-233.47501119E-03,+320.34999924E-03
+2.90000E-06,-231.60001123E-03,+323.47499928E-03
+2.91000E-06,-232.22501122E-03,+326.59999933E-03
+2.92000E-06,-232.22501122E-03,+326.59999933E-03
+2.93000E-06,-232.22501122E-03,+320.34999924E-03
+2.94000E-06,-232.22501122E-03,+323.47499928E-03
+2.95000E-06,-232.22501122E-03,+320.34999924E-03
+2.96000E-06,-231.60001123E-03,+320.34999924E-03
+2.97000E-06,-232.85001121E-03,+323.47499928E-03
+2.98000E-06,-232.22501122E-03,+323.47499928E-03
+2.99000E-06,-231.60001123E-03,+326.59999933E-03
+3.00000E-06,-232.22501122E-03,+323.47499928E-03
+3.01000E-06,-231.60001123E-03,+320.34999924E-03
+3.02000E-06,-232.85001121E-03,+323.47499928E-03
+3.03000E-06,-233.47501119E-03,+323.47499928E-03
+3.04000E-06,-232.85001121E-03,+323.47499928E-03
+3.05000E-06,-232.85001121E-03,+323.47499928E-03
+3.06000E-06,-232.22501122E-03,+323.47499928E-03
+3.07000E-06,-232.85001121E-03,+329.72499938E-03
+3.08000E-06,-232.85001121E-03,+326.59999933E-03
+3.09000E-06,-232.22501122E-03,+329.72499938E-03
+3.10000E-06,-233.47501119E-03,+329.72499938E-03
+3.11000E-06,-232.85001121E-03,+329.72499938E-03
+3.12000E-06,-232.85001121E-03,+329.72499938E-03
+3.13000E-06,-234.10001118E-03,+329.72499938E-03
+3.14000E-06,-232.85001121E-03,+323.47499928E-03
+3.15000E-06,-233.47501119E-03,+326.59999933E-03
+3.16000E-06,-232.85001121E-03,+323.47499928E-03
+3.17000E-06,-233.47501119E-03,+323.47499928E-03
+3.18000E-06,-232.85001121E-03,+323.47499928E-03
+3.19000E-06,-233.47501119E-03,+323.47499928E-03
+3.20000E-06,-232.22501122E-03,+323.47499928E-03
+3.21000E-06,-232.85001121E-03,+323.47499928E-03
+3.22000E-06,-232.22501122E-03,+326.59999933E-03
+3.23000E-06,-230.97501125E-03,+323.47499928E-03
+3.24000E-06,-230.35001126E-03,+323.47499928E-03
+3.25000E-06,-230.97501125E-03,+326.59999933E-03
+3.26000E-06,-230.35001126E-03,+329.72499938E-03
+3.27000E-06,-229.72501128E-03,+329.72499938E-03
+3.28000E-06,-229.72501128E-03,+326.59999933E-03
+3.29000E-06,-230.35001126E-03,+326.59999933E-03
+3.30000E-06,-230.35001126E-03,+332.84999942E-03
+3.31000E-06,-230.35001126E-03,+329.72499938E-03
+3.32000E-06,-230.35001126E-03,+329.72499938E-03
+3.33000E-06,-231.60001123E-03,+329.72499938E-03
+3.34000E-06,-231.60001123E-03,+329.72499938E-03
+3.35000E-06,-232.22501122E-03,+329.72499938E-03
+3.36000E-06,-230.97501125E-03,+326.59999933E-03
+3.37000E-06,-231.60001123E-03,+326.59999933E-03
+3.38000E-06,-231.60001123E-03,+329.72499938E-03
+3.39000E-06,-232.22501122E-03,+326.59999933E-03
+3.40000E-06,-232.22501122E-03,+326.59999933E-03
+3.41000E-06,-234.10001118E-03,+329.72499938E-03
+3.42000E-06,-232.85001121E-03,+329.72499938E-03
+3.43000E-06,-234.10001118E-03,+326.59999933E-03
+3.44000E-06,-234.72501116E-03,+326.59999933E-03
+3.45000E-06,-233.47501119E-03,+329.72499938E-03
+3.46000E-06,-234.72501116E-03,+329.72499938E-03
+3.47000E-06,-234.72501116E-03,+326.59999933E-03
+3.48000E-06,-232.22501122E-03,+329.72499938E-03
+3.49000E-06,-232.22501122E-03,+329.72499938E-03
+3.50000E-06,-232.22501122E-03,+332.84999942E-03
+3.51000E-06,-230.97501125E-03,+329.72499938E-03
+3.52000E-06,-230.35001126E-03,+335.97499947E-03
+3.53000E-06,-231.60001123E-03,+332.84999942E-03
+3.54000E-06,-230.97501125E-03,+335.97499947E-03
+3.55000E-06,-230.97501125E-03,+339.09999952E-03
+3.56000E-06,-231.60001123E-03,+335.97499947E-03
+3.57000E-06,-231.60001123E-03,+335.97499947E-03
+3.58000E-06,-232.85001121E-03,+342.22499956E-03
+3.59000E-06,-232.85001121E-03,+339.09999952E-03
+3.60000E-06,-232.85001121E-03,+335.97499947E-03
+3.61000E-06,-233.47501119E-03,+335.97499947E-03
+3.62000E-06,-232.85001121E-03,+335.97499947E-03
+3.63000E-06,-232.22501122E-03,+335.97499947E-03
+3.64000E-06,-232.22501122E-03,+332.84999942E-03
+3.65000E-06,-231.60001123E-03,+335.97499947E-03
+3.66000E-06,-230.97501125E-03,+332.84999942E-03
+3.67000E-06,-230.97501125E-03,+335.97499947E-03
+3.68000E-06,-231.60001123E-03,+329.72499938E-03
+3.69000E-06,-232.22501122E-03,+329.72499938E-03
+3.70000E-06,-232.85001121E-03,+332.84999942E-03
+3.71000E-06,-232.85001121E-03,+335.97499947E-03
+3.72000E-06,-232.85001121E-03,+335.97499947E-03
+3.73000E-06,-234.10001118E-03,+332.84999942E-03
+3.74000E-06,-232.85001121E-03,+339.09999952E-03
+3.75000E-06,-233.47501119E-03,+335.97499947E-03
+3.76000E-06,-232.85001121E-03,+335.97499947E-03
+3.77000E-06,-232.22501122E-03,+339.09999952E-03
+3.78000E-06,-232.22501122E-03,+342.22499956E-03
+3.79000E-06,-233.47501119E-03,+342.22499956E-03
+3.80000E-06,-233.47501119E-03,+339.09999952E-03
+3.81000E-06,-232.85001121E-03,+339.09999952E-03
+3.82000E-06,-232.85001121E-03,+339.09999952E-03
+3.83000E-06,-233.47501119E-03,+339.09999952E-03
+3.84000E-06,-231.60001123E-03,+339.09999952E-03
+3.85000E-06,-233.47501119E-03,+339.09999952E-03
+3.86000E-06,-233.47501119E-03,+339.09999952E-03
+3.87000E-06,-233.47501119E-03,+339.09999952E-03
+3.88000E-06,-234.10001118E-03,+339.09999952E-03
+3.89000E-06,-234.10001118E-03,+342.22499956E-03
+3.90000E-06,-233.47501119E-03,+342.22499956E-03
+3.91000E-06,-232.85001121E-03,+345.34999961E-03
+3.92000E-06,-232.85001121E-03,+348.47499966E-03
+3.93000E-06,-232.85001121E-03,+348.47499966E-03
+3.94000E-06,-232.85001121E-03,+345.34999961E-03
+3.95000E-06,-231.60001123E-03,+348.47499966E-03
+3.96000E-06,-230.97501125E-03,+351.59999970E-03
+3.97000E-06,-231.60001123E-03,+351.59999970E-03
+3.98000E-06,-231.60001123E-03,+354.72499975E-03
+3.99000E-06,-232.22501122E-03,+354.72499975E-03
+4.00000E-06,-231.60001123E-03,+354.72499975E-03
+4.01000E-06,-232.22501122E-03,+357.84999980E-03
+4.02000E-06,-232.85001121E-03,+360.97499984E-03
+4.03000E-06,-232.85001121E-03,+360.97499984E-03
+4.04000E-06,-232.85001121E-03,+360.97499984E-03
+4.05000E-06,-232.85001121E-03,+360.97499984E-03
+4.06000E-06,-233.47501119E-03,+360.97499984E-03
+4.07000E-06,-233.47501119E-03,+364.09999989E-03
+4.08000E-06,-233.47501119E-03,+360.97499984E-03
+4.09000E-06,-234.10001118E-03,+360.97499984E-03
+4.10000E-06,-233.47501119E-03,+360.97499984E-03
+4.11000E-06,-233.47501119E-03,+364.09999989E-03
+4.12000E-06,-232.85001121E-03,+364.09999989E-03
+4.13000E-06,-234.10001118E-03,+367.22499994E-03
+4.14000E-06,-232.85001121E-03,+370.34999998E-03
+4.15000E-06,-232.85001121E-03,+367.22499994E-03
+4.16000E-06,-232.85001121E-03,+370.34999998E-03
+4.17000E-06,-232.85001121E-03,+367.22499994E-03
+4.18000E-06,-233.47501119E-03,+370.34999998E-03
+4.19000E-06,-233.47501119E-03,+370.34999998E-03
+4.20000E-06,-232.85001121E-03,+370.34999998E-03
+4.21000E-06,-232.85001121E-03,+373.47500003E-03
+4.22000E-06,-234.10001118E-03,+373.47500003E-03
+4.23000E-06,-233.47501119E-03,+376.60000008E-03
+4.24000E-06,-234.10001118E-03,+379.72500012E-03
+4.25000E-06,-234.10001118E-03,+379.72500012E-03
+4.26000E-06,-233.47501119E-03,+382.85000017E-03
+4.27000E-06,-234.10001118E-03,+385.97500022E-03
+4.28000E-06,-233.47501119E-03,+385.97500022E-03
+4.29000E-06,-233.47501119E-03,+385.97500022E-03
+4.30000E-06,-232.85001121E-03,+389.10000026E-03
+4.31000E-06,-234.10001118E-03,+392.22500031E-03
+4.32000E-06,-232.85001121E-03,+389.10000026E-03
+4.33000E-06,-232.85001121E-03,+395.35000036E-03
+4.34000E-06,-232.85001121E-03,+395.35000036E-03
+4.35000E-06,-232.22501122E-03,+395.35000036E-03
+4.36000E-06,-231.60001123E-03,+395.35000036E-03
+4.37000E-06,-231.60001123E-03,+395.35000036E-03
+4.38000E-06,-231.60001123E-03,+398.47500040E-03
+4.39000E-06,-231.60001123E-03,+398.47500040E-03
+4.40000E-06,-231.60001123E-03,+398.47500040E-03
+4.41000E-06,-231.60001123E-03,+401.60000045E-03
+4.42000E-06,-230.97501125E-03,+401.60000045E-03
+4.43000E-06,-230.97501125E-03,+404.72500050E-03
+4.44000E-06,-231.60001123E-03,+407.85000054E-03
+4.45000E-06,-230.35001126E-03,+407.85000054E-03
+4.46000E-06,-231.60001123E-03,+410.97500059E-03
+4.47000E-06,-232.22501122E-03,+407.85000054E-03
+4.48000E-06,-230.97501125E-03,+414.10000063E-03
+4.49000E-06,-231.60001123E-03,+410.97500059E-03
+4.50000E-06,-232.22501122E-03,+417.22500068E-03
+4.51000E-06,-230.97501125E-03,+417.22500068E-03
+4.52000E-06,-230.35001126E-03,+420.35000073E-03
+4.53000E-06,-230.97501125E-03,+423.47500077E-03
+4.54000E-06,-230.35001126E-03,+420.35000073E-03
+4.55000E-06,-231.60001123E-03,+423.47500077E-03
+4.56000E-06,-231.60001123E-03,+423.47500077E-03
+4.57000E-06,-230.35001126E-03,+420.35000073E-03
+4.58000E-06,-230.35001126E-03,+423.47500077E-03
+4.59000E-06,-230.35001126E-03,+423.47500077E-03
+4.60000E-06,-229.72501128E-03,+420.35000073E-03
+4.61000E-06,-229.72501128E-03,+426.60000082E-03
+4.62000E-06,-230.97501125E-03,+423.47500077E-03
+4.63000E-06,-230.97501125E-03,+426.60000082E-03
+4.64000E-06,-230.97501125E-03,+429.72500087E-03
+4.65000E-06,-232.85001121E-03,+429.72500087E-03
+4.66000E-06,-232.22501122E-03,+429.72500087E-03
+4.67000E-06,-232.85001121E-03,+432.85000091E-03
+4.68000E-06,-232.85001121E-03,+429.72500087E-03
+4.69000E-06,-232.85001121E-03,+429.72500087E-03
+4.70000E-06,-232.22501122E-03,+439.10000101E-03
+4.71000E-06,-231.60001123E-03,+435.97500096E-03
+4.72000E-06,-234.10001118E-03,+432.85000091E-03
+4.73000E-06,-230.97501125E-03,+432.85000091E-03
+4.74000E-06,-232.85001121E-03,+439.10000101E-03
+4.75000E-06,-234.72501116E-03,+442.22500105E-03
+4.76000E-06,-228.47501130E-03,+442.22500105E-03
+4.77000E-06,-232.22501122E-03,+435.97500096E-03
+4.78000E-06,-233.47501119E-03,+448.47500115E-03
+4.79000E-06,-227.22501133E-03,+457.85000129E-03
+4.80000E-06,-230.97501125E-03,+439.10000101E-03
+4.81000E-06,-234.10001118E-03,+439.10000101E-03
+4.82000E-06,-224.10001140E-03,+464.10000138E-03
+4.83000E-06,-230.97501125E-03,+454.72500124E-03
+4.84000E-06,-237.22501111E-03,+435.97500096E-03
+4.85000E-06,-225.97501136E-03,+457.85000129E-03
+4.86000E-06,-228.47501130E-03,+470.35000147E-03
+4.87000E-06,-240.97501102E-03,+442.22500105E-03
+4.88000E-06,-229.72501128E-03,+451.60000119E-03
+4.89000E-06,-227.22501133E-03,+473.47500152E-03
+4.90000E-06,-242.22501100E-03,+451.60000119E-03
+4.91000E-06,-234.10001118E-03,+445.35000110E-03
+4.92000E-06,-224.10001140E-03,+467.22500143E-03
+4.93000E-06,-238.47501108E-03,+457.85000129E-03
+4.94000E-06,-235.35001115E-03,+448.47500115E-03
+4.95000E-06,-224.10001140E-03,+460.97500133E-03
+4.96000E-06,-235.35001115E-03,+457.85000129E-03
+4.97000E-06,-237.85001109E-03,+445.35000110E-03
+4.98000E-06,-225.97501136E-03,+457.85000129E-03
+4.99000E-06,-233.47501119E-03,+460.97500133E-03
